starName,raHour,raMin,raSec,decSign,decDeg,decMin,decSec,magnitude,constellation
星名１,星名２,星座,時,分,秒,赤緯符号,時,分,秒,実視等級
21αAnd,21α,Andromeda (アンドロメダ座),0,8,23.3,+,29,5,26,2.06
24θAnd,24θ,Andromeda (アンドロメダ座),0,17,5.5,+,38,40,54,4.61
29πAnd,29π,Andromeda (アンドロメダ座),0,36,52.9,+,33,43,10,4.36
31δAnd,31δ,Andromeda (アンドロメダ座),0,39,19.7,+,30,51,39,3.27
34ζAnd,34ζ,Andromeda (アンドロメダ座),0,47,20.3,+,24,16,2,4.06
35νAnd,35ν,Andromeda (アンドロメダ座),0,49,48.8,+,41,4,44,4.53
37μAnd,37μ,Andromeda (アンドロメダ座),0,56,45.2,+,38,29,58,3.87
42φAnd,42φ,Andromeda (アンドロメダ座),1,9,30.2,+,47,14,31,4.25
43βAnd,43β,Andromeda (アンドロメダ座),1,9,43.9,+,35,37,14,2.06
50υAnd,50υ,Andromeda (アンドロメダ座),1,36,47.8,+,41,24,20,4.09
51And,51,Andromeda (アンドロメダ座),1,37,59.6,+,48,37,42,3.57
57γ1And,57γ1,Andromeda (アンドロメダ座),2,3,54,+,42,19,47,2.26
1οAnd,1ο,Andromeda (アンドロメダ座),23,1,55.3,+,42,19,34,3.62
16λAnd,16λ,Andromeda (アンドロメダ座),23,37,33.9,+,46,27,29,3.82
17ιAnd,17ι,Andromeda (アンドロメダ座),23,38,8.2,+,43,16,5,4.29
19κAnd,19κ,Andromeda (アンドロメダ座),23,40,24.5,+,44,20,2,4.14
,,,,,,,,,,
5γMon,5γ,Monoceros (いっかくじゅう座),6,14,51.3,-,6,16,29,3.98
8εMon,8ε,Monoceros (いっかくじゅう座),6,23,46.1,+,4,35,34,4.44
11βMon,11β,Monoceros (いっかくじゅう座),6,28,49,-,7,1,58,4.6
13Mon,13,Monoceros (いっかくじゅう座),6,32,54.2,+,7,19,59,4.5
18Mon,18,Monoceros (いっかくじゅう座),6,47,51.6,+,2,24,44,4.47
22δMon,22δ,Monoceros (いっかくじゅう座),7,11,51.9,-,0,29,34,4.15
26αMon,26α,Monoceros (いっかくじゅう座),7,41,14.8,-,9,33,4,3.93
,,,,,,,,,,
10γ2Sgr,10γ2,Sagittarius (いて座),18,5,48.5,-,30,25,27,2.99
13μSgr,13μ ,Sagittarius (いて座),18,13,45.8,-,21,3,32,3.86
ηSgr,η ,Sagittarius (いて座),18,17,37.6,-,36,45,42,3.11
19δSgr,19δ ,Sagittarius (いて座),18,20,59.7,-,29,49,41,2.7
20εSgr,20ε ,Sagittarius (いて座),18,24,10.3,-,34,23,5,1.85
22λSgr,22λ ,Sagittarius (いて座),18,27,58.2,-,25,25,18,2.81
27φSgr,27φ ,Sagittarius (いて座),18,45,39.4,-,26,59,27,3.17
34σSgr,34σ ,Sagittarius (いて座),18,55,15.9,-,26,17,48,2.02
37ξ2Sgr,37ξ 2,Sagittarius (いて座),18,57,43.8,-,21,6,24,3.51
38ζSgr,38ζ ,Sagittarius (いて座),19,2,36.7,-,29,52,49,2.6
39οSgr,39ο ,Sagittarius (いて座),19,4,41,-,21,44,30,3.77
40τSgr,40τ ,Sagittarius (いて座),19,6,56.4,-,27,40,14,3.32
41πSgr,41π ,Sagittarius (いて座),19,9,45.8,-,21,1,25,2.89
43Sgr,43,Sagittarius (いて座),19,17,38.1,-,18,57,11,4.96
β1Sgr,β1,Sagittarius (いて座),19,22,38.3,-,44,27,32,4.01
44ρ1Sgr,44ρ1,Sagittarius (いて座),19,21,40.4,-,17,50,50,3.93
αSgr,α ,Sagittarius (いて座),19,23,53.2,-,40,36,58,3.97
ιSgr,ι ,Sagittarius (いて座),19,55,15.7,-,41,52,6,4.13
58ωSgr,58ω ,Sagittarius (いて座),19,55,50.4,-,26,17,58,4.7
θ1Sgr,θ1,Sagittarius (いて座),19,59,44.2,-,35,16,35,4.37
,,,,,,,,,,
2εDel,2ε ,Delphinus (いるか座),20,33,12.8,+,11,18,12,4.03
6βDel,6β ,Delphinus (いるか座),20,37,33,+,14,35,43,3.63
9αDel,9α ,Delphinus (いるか座),20,39,38.3,+,15,54,43,3.77
11δDel,11δ ,Delphinus (いるか座),20,43,27.5,+,15,4,28,4.43
12γ2Del,12γ2,Delphinus (いるか座),20,46,39.5,+,16,7,27,4.27
,,,,,,,,,,
αInd,α ,Indus (インディアン座),20,37,34,-,47,17,29,3.11
βInd,β ,Indus (インディアン座),20,54,48.6,-,58,27,15,3.65
θInd,θ ,Indus (インディアン座),21,19,52,-,53,26,59,4.39
δInd,δ ,Indus (インディアン座),21,57,55.1,-,54,59,33,4.4
εInd,ε ,Indus (インディアン座),22,3,21.6,-,56,47,10,4.69
,,,,,,,,,,
63δPsc,63δ ,Pisces (うお座),0,48,41,+,7,35,6,4.43
71εPsc,71ε ,Pisces (うお座),1,2,56.6,+,7,53,24,4.28
84χPsc,84χ ,Pisces (うお座),1,11,27.2,+,21,2,5,4.66
83τPsc,83τ ,Pisces (うお座),1,11,39.6,+,30,5,23,4.51
85φPsc,85φ ,Pisces (うお座),1,13,44.9,+,24,35,1,4.65
86ζPsc,86ζ ,Pisces (うお座),1,13,43.9,+,7,34,31,5.24
90υPsc,90υ ,Pisces (うお座),1,19,28,+,27,15,51,4.76
98μPsc,98μ ,Pisces (うお座),1,30,11.1,+,6,8,38,4.84
99ηPsc,99η ,Pisces (うお座),1,31,29,+,15,20,45,3.62
106νPsc,106ν ,Pisces (うお座),1,41,25.9,+,5,29,15,4.44
110οPsc,110ο ,Pisces (うお座),1,45,23.6,+,9,9,28,4.26
113αPsc,113α ,Pisces (うお座),2,2,2.8,+,2,45,49,4.33
6γPsc,6γ ,Pisces (うお座),23,17,9.9,+,3,16,56,3.69
8κPsc,8κ ,Pisces (うお座),23,26,56,+,1,15,20,4.94
10θPsc,10θ ,Pisces (うお座),23,27,58.1,+,6,22,44,4.28
17ιPsc,17ι ,Pisces (うお座),23,39,57,+,5,37,35,4.13
18λPsc,18λ ,Pisces (うお座),23,42,2.8,+,1,46,48,4.5
28ωPsc,28ω ,Pisces (うお座),23,59,18.7,+,6,51,48,4.01
,,,,,,,,,,
2εLep,2ε ,Lepus (うさぎ座),5,5,27.7,-,22,22,16,3.19
3ιLep,3ι ,Lepus (うさぎ座),5,12,17.9,-,11,52,9,4.45
5μLep,5μ ,Lepus (うさぎ座),5,12,55.9,-,16,12,20,3.31
4κLep,4κ ,Lepus (うさぎ座),5,13,13.9,-,12,56,29,4.36
6λLep,6λ ,Lepus (うさぎ座),5,19,34.5,-,13,10,36,4.29
9βLep,9β ,Lepus (うさぎ座),5,28,14.7,-,20,45,34,2.84
11αLep,11α ,Lepus (うさぎ座),5,32,43.8,-,17,49,20,2.58
13γLep,13γ ,Lepus (うさぎ座),5,44,27.8,-,22,26,54,3.6
14ζLep,14ζ ,Lepus (うさぎ座),5,46,57.3,-,14,49,19,3.55
15δLep,15δ ,Lepus (うさぎ座),5,51,19.3,-,20,52,45,3.81
16ηLep,16η ,Lepus (うさぎ座),5,56,24.3,-,14,10,4,3.71
,,,,,,,,,,
5υBoo,5υ ,Bo?tes (うしかい座),13,49,28.6,+,15,47,52,4.07
8ηBoo,8η ,Bo?tes (うしかい座),13,54,41.1,+,18,23,52,2.68
16αBoo,16α ,Bo?tes (うしかい座),14,15,39.7,+,19,10,57,-0.04
19λBoo,19λ ,Bo?tes (うしかい座),14,16,23,+,46,5,18,4.18
23θBoo,23θ ,Bo?tes (うしかい座),14,25,11.8,+,51,51,3,4.05
25ρBoo,25ρ ,Bo?tes (うしかい座),14,31,49.8,+,30,22,17,3.58
27γBoo,27γ ,Bo?tes (うしかい座),14,32,4.7,+,38,18,30,3.03
28σBoo,28σ ,Bo?tes (うしかい座),14,34,40.8,+,29,44,42,4.46
29π1Boo,29π 1,Bo?tes (うしかい座),14,40,43.6,+,16,25,6,4.94
30ζBoo,30ζ ,Bo?tes (うしかい座),14,41,8.9,+,13,43,42,4.43
36εBoo,36ε ,Bo?tes (うしかい座),14,44,59.2,+,27,4,27,2.7
42βBoo,42β ,Bo?tes (うしかい座),15,1,56.8,+,40,23,26,3.5
49δBoo,49δ ,Bo?tes (うしかい座),15,15,30.2,+,33,18,53,3.47
51μ1Boo,51μ 1,Bo?tes (うしかい座),15,24,29.4,+,37,22,38,4.31
,,,,,,,,,,
4δHya,4δ ,Hydra (うみへび座),8,37,39.4,+,5,42,13,4.16
5σHya,5σ ,Hydra (うみへび座),8,38,45.4,+,3,20,29,4.44
7ηHya,7η ,Hydra (うみへび座),8,43,13.5,+,3,23,55,4.3
11εHya,11ε ,Hydra (うみへび座),8,46,46.6,+,6,25,8,3.38
13ρHya,13ρ ,Hydra (うみへび座),8,48,26,+,5,50,16,4.36
16ζHya,16ζ ,Hydra (うみへび座),8,55,23.6,+,5,56,44,3.11
22θHya,22θ,Hydra (うみへび座),9,14,21.9,+,2,18,51,3.88
30αHya,30α ,Hydra (うみへび座),9,27,35.2,-,8,39,31,1.98
35ιHya,35ι ,Hydra (うみへび座),9,39,51.4,-,1,8,34,3.91
39υ1Hya,39υ1,Hydra (うみへび座),9,51,28.7,-,14,50,48,4.12
40υ2Hya,40υ2,Hydra (うみへび座),10,5,7.5,-,13,3,53,4.6
41λHya,41λ ,Hydra (うみへび座),10,10,35.3,-,12,21,15,3.61
42μHya,42μ ,Hydra (うみへび座),10,26,5.4,-,16,50,11,3.81
νHya,ν ,Hydra (うみへび座),10,49,37.5,-,16,11,37,3.11
χ1Hya,χ1,Hydra (うみへび座),11,5,19.9,-,27,17,37,4.94
ξHya,ξ ,Hydra (うみへび座),11,33,0.1,-,31,51,28,3.54
βHya,β ,Hydra (うみへび座),11,52,54.6,-,33,54,29,4.28
46γHya,46γ ,Hydra (うみへび座),13,18,55.3,-,23,10,18,3
49πHya,49π ,Hydra (うみへび座),14,6,22.3,-,26,40,57,3.27
58Hya,58,Hydra (うみへび座),14,50,17.3,-,27,57,37,4.41
,,,,,,,,,,
αEri,α ,Eridanus (エリダヌス座),1,37,42.9,-,57,14,12,0.46
χEri,χ ,Eridanus (エリダヌス座),1,55,57.5,-,51,36,32,3.7
φEri,φ ,Eridanus (エリダヌス座),2,16,30.6,-,51,30,44,3.56
κEri,κ ,Eridanus (エリダヌス座),2,26,59.1,-,47,42,14,4.25
ιEri,ι ,Eridanus (エリダヌス座),2,40,40,-,39,51,20,4.11
1τ1Eri,1τ1,Eridanus (エリダヌス座),2,45,6.2,-,18,34,21,4.47
2τ2Eri,2τ2,Eridanus (エリダヌス座),2,51,2.3,-,21,0,15,4.75
3ηEri,3η ,Eridanus (エリダヌス座),2,56,25.7,-,8,53,53,3.89
θ1Eri,θ1,Eridanus (エリダヌス座),2,58,15.7,-,40,18,17,3.24
11τ3Eri,11τ3,Eridanus (エリダヌス座),3,2,23.5,-,23,37,28,4.09
13ζEri,13ζ ,Eridanus (エリダヌス座),3,15,50,-,8,49,11,4.8
16τ4Eri,16τ4,Eridanus (エリダヌス座),3,19,31,-,21,45,28,3.69
HIP15510Eri,HIP15510,Eridanus (エリダヌス座),3,19,55.7,-,43,4,11,4.27
18εEri,18ε ,Eridanus (エリダヌス座),3,32,55.8,-,9,27,30,3.73
19τ5Eri,19τ5,Eridanus (エリダヌス座),3,33,47.3,-,21,37,58,4.27
23δEri,23δ ,Eridanus (エリダヌス座),3,43,14.9,-,9,45,48,3.54
27τ6Eri,27τ6,Eridanus (エリダヌス座),3,46,50.9,-,23,14,59,4.23
HIP17797Eri,HIP17797,Eridanus (エリダヌス座),3,48,35.4,-,37,37,20,5.4
HIP17874Eri,HIP17874,Eridanus (エリダヌス座),3,49,27.3,-,36,12,1,4.17
34γEri,34γ ,Eridanus (エリダヌス座),3,58,1.8,-,13,30,31,2.95
38ο1Eri,38ο1,Eridanus (エリダヌス座),4,11,51.9,-,6,50,15,4.04
41υ4Eri,41υ4,Eridanus (エリダヌス座),4,17,53.7,-,33,47,54,3.56
43Eri,43,Eridanus (エリダヌス座),4,24,2.2,-,34,1,1,3.96
48νEri,48ν ,Eridanus (エリダヌス座),4,36,19.1,-,3,21,9,3.93
52υ2Eri,52υ2,Eridanus (エリダヌス座),4,35,33,-,30,33,44,3.82
57μEri,57μ ,Eridanus (エリダヌス座),4,45,30.1,-,3,15,17,4.02
61ωEri,61ω ,Eridanus (エリダヌス座),4,52,53.7,-,5,27,10,4.39
67βEri,67β ,Eridanus (エリダヌス座),5,7,51,-,5,5,11,2.79
,,,,,,,,,,
1οTau,1ο ,Taurus (おうし座),3,24,48.8,+,9,1,44,3.6
2ξTau,2ξ ,Taurus (おうし座),3,27,10.2,+,9,43,58,3.74
5Tau,5,Taurus (おうし座),3,30,52.4,+,12,56,12,4.11
10Tau,10,Taurus (おうし座),3,36,52.4,+,0,24,6,4.28
25ηTau,25η ,Taurus (おうし座),3,47,29.1,+,24,6,18,2.87
35λTau,35λ ,Taurus (おうし座),4,0,40.8,+,12,29,25,3.47
38νTau,38ν ,Taurus (おうし座),4,3,9.4,+,5,59,21,3.91
37Tau,37,Taurus (おうし座),4,4,41.7,+,22,4,55,4.36
49μTau,49μ ,Taurus (おうし座),4,15,32.1,+,8,53,32,4.29
54γTau,54γ ,Taurus (おうし座),4,19,47.6,+,15,37,39,3.65
61δ1Tau,61δ1,Taurus (おうし座),4,22,56.1,+,17,32,33,3.76
66Tau,66,Taurus (おうし座),4,23,51.9,+,9,27,39,5.12
65κ1Tau,65κ1,Taurus (おうし座),4,25,22.1,+,22,17,38,4.22
68δ3Tau,68δ3,Taurus (おうし座),4,25,29.4,+,17,55,41,4.29
74εTau,74ε ,Taurus (おうし座),4,28,37,+,19,10,49,3.53
78θ2Tau,78θ2,Taurus (おうし座),4,28,39.7,+,15,52,15,3.4
87αTau,87α ,Taurus (おうし座),4,35,55.2,+,16,30,33,0.85
88Tau,88,Taurus (おうし座),4,35,39.3,+,10,9,39,4.25
90Tau,90,Taurus (おうし座),4,38,9.5,+,12,30,39,4.27
94τTau,94τ ,Taurus (おうし座),4,42,14.7,+,22,57,25,4.28
112βTau,112β ,Taurus (おうし座),5,26,17.5,+,28,36,27,1.65
123ζTau,123ζ ,Taurus (おうし座),5,37,38.7,+,21,8,33,3
,,,,,,,,,,
1ζCMa,1ζ ,Canis Major (おおいぬ座),6,20,18.8,-,30,3,48,3.02
2βCMa,2β ,Canis Major (おおいぬ座),6,22,42,-,17,57,21,1.98
λCMa,λ ,Canis Major (おおいぬ座),6,28,10.1,-,32,34,48,4.48
4ξ1CMa,4ξ 1,Canis Major (おおいぬ座),6,31,51.3,-,23,25,6,4.33
7ν2CMa,7ν 2,Canis Major (おおいぬ座),6,36,41,-,19,15,21,3.95
9αCMa,9α ,Canis Major (おおいぬ座),6,45,8.9,-,16,42,58,-1.46
13κCMa,13κ ,Canis Major (おおいぬ座),6,49,50.5,-,32,30,31,3.96
14θCMa,14θ ,Canis Major (おおいぬ座),6,54,11.4,-,12,2,19,4.07
16ο1CMa,16ο1,Canis Major (おおいぬ座),6,54,7.9,-,24,11,2,3.87
20ιCMa,20ι ,Canis Major (おおいぬ座),6,56,8.2,-,17,3,15,4.37
21εCMa,21ε ,Canis Major (おおいぬ座),6,58,37.5,-,28,58,20,1.5
22σCMa,22σ ,Canis Major (おおいぬ座),7,1,43.1,-,27,56,5,3.47
24ο2CMa,24ο2,Canis Major (おおいぬ座),7,3,1.5,-,23,50,0,3.02
23γCMa,23γ ,Canis Major (おおいぬ座),7,3,45.5,-,15,38,0,4.12
25δCMa,25δ ,Canis Major (おおいぬ座),7,8,23.5,-,26,23,36,1.84
28ωCMa,28ω ,Canis Major (おおいぬ座),7,14,48.7,-,26,46,22,3.85
31ηCMa,31η ,Canis Major (おおいぬ座),7,24,5.7,-,29,18,11,2.45
,,,,,,,,,,
ιLup,ι ,Lupus (おおかみ座),14,19,24.2,-,46,3,28,3.55
ρLup,ρ ,Lupus (おおかみ座),14,37,53.2,-,49,25,33,4.05
αLup,α ,Lupus (おおかみ座),14,41,55.8,-,47,23,18,2.3
βLup,β ,Lupus (おおかみ座),14,58,31.9,-,43,8,2,2.68
ζLup,ζ ,Lupus (おおかみ座),15,12,17.1,-,52,5,57,3.41
μLup,μ ,Lupus (おおかみ座),15,18,32,-,47,52,30,4.27
2Lup,2,Lupus (おおかみ座),15,17,49.9,-,30,8,56,4.34
δLup,δ ,Lupus (おおかみ座),15,21,22.3,-,40,38,51,3.22
φ1Lup,φ1,Lupus (おおかみ座),15,21,48.4,-,36,15,41,3.56
εLup,ε ,Lupus (おおかみ座),15,22,40.9,-,44,41,22,3.37
γLup,γ ,Lupus (おおかみ座),15,35,8.5,-,41,10,1,2.78
5χLup,5χ ,Lupus (おおかみ座),15,50,57.5,-,33,37,38,3.95
ηLup,η ,Lupus (おおかみ座),16,0,7.3,-,38,23,49,3.41
θLup,θ ,Lupus (おおかみ座),16,6,35.5,-,36,48,8,4.23
,,,,,,,,,,
1οUMa,1ο ,Ursa Major (おおぐま座),8,30,15.9,+,60,43,5,3.36
9ιUMa,9ι ,Ursa Major (おおぐま座),8,59,12.4,+,48,2,30,3.14
12κUMa,12κ ,Ursa Major (おおぐま座),9,3,37.5,+,47,9,24,3.6
13σ2UMa,13σ2,Ursa Major (おおぐま座),9,10,23.2,+,67,8,5,4.8
23UMa,23,Ursa Major (おおぐま座),9,31,31.7,+,63,3,43,3.67
25θUMa,25θ ,Ursa Major (おおぐま座),9,32,51.4,+,51,40,38,3.17
29υUMa,29υ ,Ursa Major (おおぐま座),9,50,59.4,+,59,2,19,3.8
30φUMa,30φ ,Ursa Major (おおぐま座),9,52,6.4,+,54,3,52,4.59
33λUMa,33λ ,Ursa Major (おおぐま座),10,17,5.8,+,42,54,52,3.45
34μUMa,34μ ,Ursa Major (おおぐま座),10,22,19.7,+,41,29,58,3.05
48βUMa,48β ,Ursa Major (おおぐま座),11,1,50.5,+,56,22,57,2.37
50αUMa,50α ,Ursa Major (おおぐま座),11,3,43.7,+,61,45,3,1.79
52ψUMa,52ψ ,Ursa Major (おおぐま座),11,9,39.8,+,44,29,55,3.01
53ξUMa,53ξ ,Ursa Major (おおぐま座),11,18,11,+,31,31,45,4.41
54νUMa,54ν ,Ursa Major (おおぐま座),11,18,28.7,+,33,5,39,3.48
57UMa,57,Ursa Major (おおぐま座),11,29,4.2,+,39,20,13,5.31
63χUMa,63χ ,Ursa Major (おおぐま座),11,46,3,+,47,46,46,3.71
64γUMa,64γ ,Ursa Major (おおぐま座),11,53,49.8,+,53,41,41,2.44
69δUMa,69δ ,Ursa Major (おおぐま座),12,15,25.6,+,57,1,57,3.31
77εUMa,77ε ,Ursa Major (おおぐま座),12,54,1.7,+,55,57,35,1.77
79ζUMa,79ζ ,Ursa Major (おおぐま座),13,23,55.5,+,54,55,31,2.27
85ηUMa,85η ,Ursa Major (おおぐま座),13,47,32.4,+,49,18,48,1.86
,,,,,,,,,,
3νVir,3ν ,Virgo (おとめ座),11,45,51.6,+,6,31,46,4.03
5βVir,5β ,Virgo (おとめ座),11,50,41.7,+,1,45,53,3.61
9οVir,9ο ,Virgo (おとめ座),12,5,12.5,+,8,43,59,4.12
15ηVir,15η ,Virgo (おとめ座),12,19,54.4,-,0,40,1,3.89
29γVir,29γ ,Virgo (おとめ座),12,41,39.6,-,1,26,58,3.65
30ρVir,30ρ ,Virgo (おとめ座),12,41,53.1,+,10,14,8,4.88
43δVir,43δ ,Virgo (おとめ座),12,55,36.2,+,3,23,51,3.38
47εVir,47ε ,Virgo (おとめ座),13,2,10.6,+,10,57,33,2.83
51θVir,51θ ,Virgo (おとめ座),13,9,57,-,5,32,20,4.38
67αVir,67α ,Virgo (おとめ座),13,25,11.6,-,11,9,41,0.98
79ζVir,79ζ ,Virgo (おとめ座),13,34,41.6,-,0,35,45,3.37
93τVir,93τ ,Virgo (おとめ座),14,1,38.8,+,1,32,40,4.26
98κVir,98κ ,Virgo (おとめ座),14,12,53.8,-,10,16,25,4.19
99ιVir,99ι ,Virgo (おとめ座),14,16,0.9,-,6,0,2,4.08
107μVir,107μ ,Virgo (おとめ座),14,43,3.6,-,5,39,30,3.88
109Vir,109,Virgo (おとめ座),14,46,14.9,+,1,53,34,3.72
,,,,,,,,,,
5γ2Ari,5γ2,Aries (おひつじ座),1,53,31.8,+,19,17,37,4.75
6βAri,6β ,Aries (おひつじ座),1,54,38.4,+,20,48,29,2.64
13αAri,13α ,Aries (おひつじ座),2,7,10.4,+,23,27,45,2
57δAri,57δ ,Aries (おひつじ座),3,11,37.8,+,19,43,36,4.35
,,,,,,,,,,
1π3Ori,1π 3,Orion (オリオン座),4,49,50.4,+,6,57,41,3.19
2π2Ori,2π 2,Orion (オリオン座),4,50,36.7,+,8,54,1,4.36
3π4Ori,3π 4,Orion (オリオン座),4,51,12.4,+,5,36,18,3.69
8π5Ori,8π 5,Orion (オリオン座),4,54,15.1,+,2,26,26,3.72
9ο2Ori,9ο2,Orion (オリオン座),4,56,22.3,+,13,30,52,4.07
19βOri,19β ,Orion (オリオン座),5,14,32.3,-,8,12,6,0.12
24γOri,24γ ,Orion (オリオン座),5,25,7.9,+,6,20,59,1.64
34δOri,34δ ,Orion (オリオン座),5,32,0.4,-,0,17,57,2.23
39λOri,39λ ,Orion (オリオン座),5,35,8.3,+,9,56,3,3.54
50ζOri,50ζ ,Orion (オリオン座),5,40,45.5,-,1,56,34,2.05
53κOri,53κ ,Orion (オリオン座),5,47,45.4,-,9,40,11,2.06
54χ1Ori,54χ1,Orion (オリオン座),5,54,22.9,+,20,16,34,4.41
58αOri,58α ,Orion (オリオン座),5,55,10.3,+,7,24,25,0.5
61μOri,61μ ,Orion (オリオン座),6,2,23,+,9,38,51,4.12
67νOri,67ν ,Orion (オリオン座),6,7,34.3,+,14,46,6,4.42
70ξOri,70ξ ,Orion (オリオン座),6,11,56.4,+,14,12,32,4.48
,,,,,,,,,,
11βCas,11β ,Cassiopeia (カシオペヤ座),0,9,10.7,+,59,8,59,2.27
18αCas,18α ,Cassiopeia (カシオペヤ座),0,40,30.5,+,56,32,14,2.23
27γCas,27γ ,Cassiopeia (カシオペヤ座),0,56,42.5,+,60,43,0,2.47
37δCas,37δ ,Cassiopeia (カシオペヤ座),1,25,49,+,60,14,7,2.68
45εCas,45ε ,Cassiopeia (カシオペヤ座),1,54,23.7,+,63,40,12,3.38
,,,,,,,,,,
γDor,γ ,Dorado (かじき座),4,16,1.6,-,51,29,12,4.25
αDor,α ,Dorado (かじき座),4,33,59.8,-,55,2,42,3.27
βDor,β ,Dorado (かじき座),5,33,37.5,-,62,29,23,3.76
δDor,δ ,Dorado (かじき座),5,44,46.4,-,65,44,8,4.35
,,,,,,,,,,
17βCnc,17β ,Cancer (かに座),8,16,30.9,+,9,11,8,3.52
31θCnc,31θ ,Cancer (かに座),8,31,35.7,+,18,5,40,5.35
33ηCnc,33η ,Cancer (かに座),8,32,42.5,+,20,26,28,5.33
43γCnc,43γ ,Cancer (かに座),8,43,17.1,+,21,28,7,4.66
47δCnc,47δ ,Cancer (かに座),8,44,41.1,+,18,9,15,3.94
48ιCnc,48ι ,Cancer (かに座),8,46,41.8,+,28,45,36,4.02
65αCnc,65α ,Cancer (かに座),8,58,29.2,+,11,51,28,4.25
,,,,,,,,,,
15γCom,15γ ,Coma Berenices (かみのけ座),12,26,56.3,+,28,16,6,4.36
42αCom,42α ,Coma Berenices (かみのけ座),13,9,59.3,+,17,31,46,5.22
43βCom,43β ,Coma Berenices (かみのけ座),13,11,52.4,+,27,52,41,4.26
,,,,,,,,,,
αCha,α ,Chamaeleon (カメレオン座),8,18,31.6,-,76,55,11,4.07
θCha,θ ,Chamaeleon (カメレオン座),8,20,38.5,-,77,29,4,4.35
γCha,γ ,Chamaeleon (カメレオン座),10,35,28.1,-,78,36,28,4.11
δ2Cha,δ2,Chamaeleon (カメレオン座),10,45,46.8,-,80,32,25,4.45
βCha,β ,Chamaeleon (カメレオン座),12,18,20.7,-,79,18,44,4.26
,,,,,,,,,,
1αCrv,1α ,Corvus (からす座),12,8,24.8,-,24,43,44,4.02
2εCrv,2ε ,Corvus (からす座),12,10,7.5,-,22,37,11,3
4γCrv,4γ ,Corvus (からす座),12,15,48.4,-,17,32,31,2.59
7δCrv,7δ ,Corvus (からす座),12,29,51.9,-,16,30,56,2.95
9βCrv,9β ,Corvus (からす座),12,34,23.2,-,23,23,48,2.65
,,,,,,,,,,
3βCrB,3β ,Corona Borealis (かんむり座),15,27,49.7,+,29,6,21,3.68
4θCrB,4θ ,Corona Borealis (かんむり座),15,32,55.8,+,31,21,33,4.14
5αCrB,5α ,Corona Borealis (かんむり座),15,34,41.3,+,26,42,53,2.23
8γCrB,8γ ,Corona Borealis (かんむり座),15,42,44.6,+,26,17,44,3.84
10δCrB,10δ ,Corona Borealis (かんむり座),15,49,35.7,+,26,4,6,4.63
13εCrB,13ε ,Corona Borealis (かんむり座),15,57,35.3,+,26,52,40,4.15
14ιCrB,14ι ,Corona Borealis (かんむり座),16,1,26.6,+,29,51,4,4.99
,,,,,,,,,,
η2Pic,η2,Pictor (がか座),5,4,58,-,49,34,40,5.03
βPic,β ,Pictor (がか座),5,47,17.1,-,51,3,59,3.85
γPic,γ ,Pictor (がか座),5,49,49.7,-,56,10,0,4.51
αPic,α ,Pictor (がか座),6,48,11.4,-,61,56,29,3.27
,,,,,,,,,,
ζTuc,ζ ,Tucana (きょしちょう座),0,20,4.3,-,64,52,29,4.23
β1Tuc,β1,Tucana (きょしちょう座),0,31,32.7,-,62,57,29,4.37
αTuc,α ,Tucana (きょしちょう座),22,18,30.1,-,60,15,35,2.86
δTuc,δ ,Tucana (きょしちょう座),22,27,20,-,64,57,59,4.48
γTuc,γ ,Tucana (きょしちょう座),23,17,25.8,-,58,14,9,3.99
εTuc,ε ,Tucana (きょしちょう座),23,59,55,-,65,34,38,4.5
,,,,,,,,,,
HIP16228Cam,HIP16228,Camelopardalis (きりん座),3,29,4.1,+,59,56,25,4.21
γCam,γ ,Camelopardalis (きりん座),3,50,21.5,+,71,19,56,4.63
9αCam,9α ,Camelopardalis (きりん座),4,54,3,+,66,20,34,4.29
7Cam,7,Camelopardalis (きりん座),4,57,17.2,+,53,45,8,4.47
10βCam,10β ,Camelopardalis (きりん座),5,3,25.1,+,60,26,32,4.03
HIP29997Cam,HIP29997,Camelopardalis (きりん座),6,18,50.8,+,69,19,11,4.8
HIP62572Cam,HIP62572,Camelopardalis (きりん座),12,49,13.6,+,83,24,46,5.28
,,,,,,,,,,
3ιAur,3ι ,Auriga (ぎょしゃ座),4,56,59.6,+,33,9,58,2.69
7εAur,7ε ,Auriga (ぎょしゃ座),5,1,58.1,+,43,49,24,2.99
8ζAur,8ζ ,Auriga (ぎょしゃ座),5,2,28.7,+,41,4,33,3.75
10ηAur,10η ,Auriga (ぎょしゃ座),5,6,30.9,+,41,14,4,3.17
13αAur,13α ,Auriga (ぎょしゃ座),5,16,41.4,+,45,59,53,0.08
34βAur,34β ,Auriga (ぎょしゃ座),5,59,31.7,+,44,56,51,1.9
37θAur,37θ ,Auriga (ぎょしゃ座),5,59,43.3,+,37,12,45,2.62
,,,,,,,,,,
ηPav,η ,Pavo (くじゃく座),17,45,44,-,64,43,26,3.62
ξPav,ξ ,Pavo (くじゃく座),18,23,13.6,-,61,29,38,4.36
ζPav,ζ ,Pavo (くじゃく座),18,43,2.1,-,71,25,41,4.01
λPav,λ ,Pavo (くじゃく座),18,52,13,-,62,11,15,4.22
εPav,ε ,Pavo (くじゃく座),20,0,35.5,-,72,54,38,3.96
δPav,δ ,Pavo (くじゃく座),20,8,43.6,-,66,10,55,3.56
αPav,α ,Pavo (くじゃく座),20,25,38.9,-,56,44,6,1.94
βPav,β ,Pavo (くじゃく座),20,44,57.5,-,66,12,11,3.42
γPav,γ ,Pavo (くじゃく座),21,26,26.6,-,65,21,58,4.22
,,,,,,,,,,
8ιCet,8ι ,Cetus (くじら座),0,19,25.7,-,8,49,26,3.56
16βCet,16β ,Cetus (くじら座),0,43,35.4,-,17,59,12,2.04
31ηCet,31η ,Cetus (くじら座),1,8,35.4,-,10,10,56,3.45
45θCet,45θ ,Cetus (くじら座),1,24,1.4,-,8,11,0,3.6
52τCet,52τ ,Cetus (くじら座),1,44,4.1,-,15,56,15,3.5
55ζCet,55ζ,Cetus (くじら座),1,51,27.6,-,10,20,6,3.73
59υCet,59υ ,Cetus (くじら座),2,0,0.3,-,21,4,40,4
68οCet,68ο ,Cetus (くじら座),2,19,20.7,-,2,58,39,3.04
73ξ2Cet,73ξ 2,Cetus (くじら座),2,28,9.5,+,8,27,36,4.28
82δCet,82δ ,Cetus (くじら座),2,39,29,+,0,19,43,4.07
86γCet,86γ ,Cetus (くじら座),2,43,18,+,3,14,9,3.47
89πCet,89π ,Cetus (くじら座),2,44,7.4,-,13,51,31,4.25
87μCet,87μ ,Cetus (くじら座),2,44,56.5,+,10,6,51,4.27
91λCet,91λ ,Cetus (くじら座),2,59,42.9,+,8,54,27,4.7
92αCet,92α ,Cetus (くじら座),3,2,16.8,+,4,5,23,2.53
,,,,,,,,,,
2θCep,2θ ,Cepheus (ケフェウス座),20,29,34.9,+,62,59,39,4.22
3ηCep,3η ,Cepheus (ケフェウス座),20,45,17.4,+,61,50,20,3.43
5αCep,5α ,Cepheus (ケフェウス座),21,18,34.8,+,62,35,8,2.44
8βCep,8β ,Cepheus (ケフェウス座),21,28,39.6,+,70,33,39,3.23
21ζCep,21ζ ,Cepheus (ケフェウス座),22,10,51.3,+,58,12,4,3.35
23εCep,23ε ,Cepheus (ケフェウス座),22,15,2,+,57,2,37,4.19
27δCep,27δ ,Cepheus (ケフェウス座),22,29,10.3,+,58,24,55,3.75
32ιCep,32ι ,Cepheus (ケフェウス座),22,49,40.8,+,66,12,2,3.52
35γCep,35γ ,Cepheus (ケフェウス座),23,39,20.8,+,77,37,57,3.21
,,,,,,,,,,
πCen,π ,Centaurus (ケンタウルス座),11,21,0.4,-,54,29,28,3.89
λCen,λ ,Centaurus (ケンタウルス座),11,35,46.8,-,63,1,11,3.13
δCen,δ ,Centaurus (ケンタウルス座),12,8,21.5,-,50,43,21,2.6
σCen,σ ,Centaurus (ケンタウルス座),12,28,2.4,-,50,13,50,3.91
γCen,γ ,Centaurus (ケンタウルス座),12,41,31,-,48,57,35,2.17
HIP62867Cen,HIP62867,Centaurus (ケンタウルス座),12,53,6.9,-,48,56,36,4.33
HIP62896Cen,HIP62896,Centaurus (ケンタウルス座),12,53,26.2,-,40,10,44,4.27
ιCen,ι ,Centaurus (ケンタウルス座),13,20,35.8,-,36,42,44,2.75
NGC5139Cen,NGC5139,Centaurus (ケンタウルス座),13,26,48,-,47,29,0,3.7
HIP65936Cen,HIP65936,Centaurus (ケンタウルス座),13,31,2.7,-,39,24,27,3.88
εCen,ε ,Centaurus (ケンタウルス座),13,39,53.2,-,53,27,59,2.3
νCen,ν ,Centaurus (ケンタウルス座),13,49,30.3,-,41,41,16,3.41
μCen,μ ,Centaurus (ケンタウルス座),13,49,37,-,42,28,26,3.04
ζCen,ζ ,Centaurus (ケンタウルス座),13,55,32.4,-,47,17,18,2.55
φCen,φ ,Centaurus (ケンタウルス座),13,58,16.3,-,42,6,3,3.83
υ1Cen,υ1,Centaurus (ケンタウルス座),13,58,40.8,-,44,48,13,3.87
υ2Cen,υ2,Centaurus (ケンタウルス座),14,1,43.4,-,45,36,13,4.34
βCen,β ,Centaurus (ケンタウルス座),14,3,49.4,-,60,22,23,0.61
χCen,χ ,Centaurus (ケンタウルス座),14,6,2.8,-,41,10,47,4.36
5θCen,5θ ,Centaurus (ケンタウルス座),14,6,41,-,36,22,12,2.06
HIP70300Cen,HIP70300,Centaurus (ケンタウルス座),14,23,2.2,-,39,30,44,4.42
ηCen,η ,Centaurus (ケンタウルス座),14,35,30.4,-,42,9,28,2.31
α1Cen,α1,Centaurus (ケンタウルス座),14,39,35.9,-,60,50,7,-0.01
HIP71865Cen,HIP71865,Centaurus (ケンタウルス座),14,41,57.6,-,37,47,37,4
HIP72010Cen,HIP72010,Centaurus (ケンタウルス座),14,43,39.4,-,35,10,25,4.05
κCen,κ ,Centaurus (ケンタウルス座),14,59,9.7,-,42,6,15,3.13
,,,,,,,,,,
ιMic,ι ,Microscopium (けんびきょう座),20,48,29.2,-,43,59,19,5.11
αMic,α ,Microscopium (けんびきょう座),20,49,58.1,-,33,46,47,4.9
γMic,γ ,Microscopium (けんびきょう座),21,1,17.5,-,32,15,28,4.67
εMic,ε ,Microscopium (けんびきょう座),21,17,56.3,-,32,10,21,4.71
θ1Mic,θ1,Microscopium (けんびきょう座),21,20,45.6,-,40,48,35,4.82
,,,,,,,,,,
3βCMi,3β ,Canis Minor (こいぬ座),7,27,9,+,8,17,22,2.9
10αCMi,10α ,Canis Minor (こいぬ座),7,39,18.1,+,5,13,30,0.38
,,,,,,,,,,
5γEqu,5γ ,Equuleus (こうま座),21,10,20.5,+,10,7,54,4.69
7δEqu,7δ ,Equuleus (こうま座),21,14,28.9,+,10,0,25,4.49
8αEqu,8α ,Equuleus (こうま座),21,15,49.4,+,5,14,52,3.92
10βEqu,10β ,Equuleus (こうま座),21,22,53.6,+,6,48,40,5.16
,,,,,,,,,,
6αVul,6α ,Vulpecula (こぎつね座),19,28,42.3,+,24,39,54,4.44
13Vul,13,Vulpecula (こぎつね座),19,53,27.7,+,24,4,47,4.58
31Vul,31,Vulpecula (こぎつね座),20,52,7.7,+,27,5,49,4.59
,,,,,,,,,,
1αUMi,1α ,Ursa Minor (こぐま座),2,31,48.7,+,89,15,51,2.02
7βUMi,7β ,Ursa Minor (こぐま座),14,50,42.3,+,74,9,20,2.08
13γUMi,13γ ,Ursa Minor (こぐま座),15,20,43.7,+,71,50,2,3.05
16ζUMi,16ζ ,Ursa Minor (こぐま座),15,44,3.5,+,77,47,40,4.32
21ηUMi,21η ,Ursa Minor (こぐま座),16,17,30.3,+,75,45,19,4.95
22εUMi,22ε ,Ursa Minor (こぐま座),16,45,58.1,+,82,2,14,4.23
23δUMi,23δ ,Ursa Minor (こぐま座),17,32,12.9,+,86,35,11,4.36
,,,,,,,,,,
10LMi,10,Leo Minor (こじし座),9,34,13.4,+,36,23,51,4.55
21LMi,21,Leo Minor (こじし座),10,7,25.8,+,35,14,41,4.48
31βLMi,31β ,Leo Minor (こじし座),10,27,53,+,36,42,26,4.21
46LMi,46,Leo Minor (こじし座),10,53,18.7,+,34,12,54,3.83
,,,,,,,,,,
7αCrt,7α ,Crater (コップ座),10,59,46.5,-,18,17,56,4.08
11βCrt,11β ,Crater (コップ座),11,11,39.5,-,22,49,33,4.48
12δCrt,12δ ,Crater (コップ座),11,19,20.5,-,14,46,43,3.56
14εCrt,14ε ,Crater (コップ座),11,24,36.6,-,10,51,34,4.83
15γCrt,15γ ,Crater (コップ座),11,24,52.9,-,17,41,2,4.08
21θCrt,21θ ,Crater (コップ座),11,36,40.9,-,9,48,8,4.7
27ζCrt,27ζ ,Crater (コップ座),11,44,45.8,-,18,21,3,4.73
30ηCrt,30η ,Crater (コップ座),11,56,0.9,-,17,9,3,5.18
,,,,,,,,,,
3αLyr,3α ,Lyra (こと座),18,36,56.3,+,38,47,1,0.03
4ε1Lyr,4ε1,Lyra (こと座),18,44,20.4,+,39,40,12,5.06
6ζ1Lyr,6ζ1,Lyra (こと座),18,44,46.4,+,37,36,18,4.36
10βLyr,10β ,Lyra (こと座),18,50,4.8,+,33,21,46,3.45
12δ2Lyr,12δ2,Lyra (こと座),18,54,30.2,+,36,53,56,4.3
14γLyr,14γ ,Lyra (こと座),18,58,56.6,+,32,41,22,3.24
,,,,,,,,,,
αCir,α ,Circinus (コンパス座),14,42,30.4,-,64,58,31,3.19
βCir,β ,Circinus (コンパス座),15,17,30.8,-,58,48,4,4.07
γCir,γ ,Circinus (コンパス座),15,23,22.7,-,59,19,15,4.51
,,,,,,,,,,
ηAra,η ,Ara (さいだん座),16,49,47.1,-,59,2,29,3.76
ζAra,ζ ,Ara (さいだん座),16,58,37.2,-,55,59,25,3.13
ε1Ara,ε1,Ara (さいだん座),16,59,35.1,-,53,9,38,4.06
βAra,β ,Ara (さいだん座),17,25,18,-,55,31,48,2.85
γAra,γ ,Ara (さいだん座),17,25,23.6,-,56,22,39,3.34
δAra,δ ,Ara (さいだん座),17,31,5.9,-,60,41,2,3.62
αAra,α ,Ara (さいだん座),17,31,50.5,-,49,52,34,2.95
θAra,θ ,Ara (さいだん座),18,6,37.9,-,50,5,30,3.66
,,,,,,,,,,
5ρSco,5ρ ,Scorpius (さそり座),15,56,53.1,-,29,12,51,3.88
6πSco,6π ,Scorpius (さそり座),15,58,51.1,-,26,6,51,2.89
7δSco,7δ ,Scorpius (さそり座),16,0,20,-,22,37,18,2.32
8β1Sco,8β1,Scorpius (さそり座),16,5,26.2,-,19,48,20,2.62
20σSco,20σ ,Scorpius (さそり座),16,21,11.3,-,25,35,34,2.89
21αSco,21α ,Scorpius (さそり座),16,29,24.4,-,26,25,55,0.96
23τSco,23τ ,Scorpius (さそり座),16,35,53,-,28,12,58,2.82
26εSco,26ε ,Scorpius (さそり座),16,50,9.8,-,34,17,36,2.29
μ1Sco,μ 1,Scorpius (さそり座),16,51,52.2,-,38,2,51,3.08
ζ2Sco,ζ2,Scorpius (さそり座),16,54,35,-,42,21,41,3.62
ηSco,η ,Scorpius (さそり座),17,12,9.2,-,43,14,21,3.33
35λSco,35λ ,Scorpius (さそり座),17,33,36.5,-,37,6,14,1.63
θSco,θ ,Scorpius (さそり座),17,37,19.2,-,42,59,52,1.87
κSco,κ ,Scorpius (さそり座),17,42,29.3,-,39,1,48,2.41
ι1Sco,ι1,Scorpius (さそり座),17,47,35.1,-,40,7,37,3.03
HIP87261Sco,HIP87261,Scorpius (さそり座),17,49,51.5,-,37,2,36,3.21
,,,,,,,,,,
2αTri,2α ,Triangulum (さんかく座),1,53,4.9,+,29,34,44,3.41
4βTri,4β ,Triangulum (さんかく座),2,9,32.6,+,34,59,14,3
9γTri,9γ ,Triangulum (さんかく座),2,17,18.9,+,33,50,50,4.01
,,,,,,,,,,
4λLeo,4λ ,Leo (しし座),9,31,43.2,+,22,58,5,4.31
14οLeo,14ο ,Leo (しし座),9,41,9,+,9,53,32,3.52
17εLeo,17ε ,Leo (しし座),9,45,51.1,+,23,46,27,2.98
24μLeo,24μ ,Leo (しし座),9,52,45.8,+,26,0,25,3.88
30ηLeo,30η ,Leo (しし座),10,7,20,+,16,45,46,3.52
31Leo,31,Leo (しし座),10,7,54.3,+,9,59,51,4.37
32αLeo,32α ,Leo (しし座),10,8,22.3,+,11,58,2,1.35
36ζLeo,36ζ ,Leo (しし座),10,16,41.4,+,23,25,2,3.44
41γ1Leo,41γ1,Leo (しし座),10,19,58.3,+,19,50,30,2.61
47ρLeo,47ρ ,Leo (しし座),10,32,48.7,+,9,18,24,3.85
52Leo,52,Leo (しし座),10,46,25.3,+,14,11,41,5.48
60Leo,60,Leo (しし座),11,2,19.8,+,20,10,47,4.42
68δLeo,68δ ,Leo (しし座),11,14,6.5,+,20,31,25,2.56
70θLeo,70θ ,Leo (しし座),11,14,14.4,+,15,25,46,3.34
77σLeo,77σ ,Leo (しし座),11,21,8.2,+,6,1,46,4.05
78ιLeo,78ι ,Leo (しし座),11,23,55.5,+,10,31,45,3.94
84τLeo,84τ ,Leo (しし座),11,27,56.2,+,2,51,22,4.95
91υLeo,91υ ,Leo (しし座),11,36,56.9,-,0,49,26,4.3
94βLeo,94β ,Leo (しし座),11,49,3.6,+,14,34,19,2.14
,,,,,,,,,,
ι1Nor,ι1,Norma (定規座),16,3,31.9,-,57,46,31,4.63
ηNor,η ,Norma (定規座),16,3,12.9,-,49,13,47,4.65
δNor,δ ,Norma (定規座),16,6,29.4,-,45,10,24,4.72
κNor,κ ,Norma (定規座),16,13,28.7,-,54,37,50,4.94
γ2Nor,γ2,Norma (定規座),16,19,50.4,-,50,9,20,4.02
εNor,ε ,Norma (定規座),16,27,11.1,-,47,33,18,4.47
,,,,,,,,,,
γSct,γ ,Scutum (たて座),18,29,11.9,-,14,33,57,4.7
αSct,α ,Scutum (たて座),18,35,12.4,-,8,14,39,3.85
βSct,β ,Scutum (たて座),18,47,10.5,-,4,44,52,4.22
,,,,,,,,,,
δCae,δ ,Caelum (ちょうこくぐ座),4,30,50.1,-,44,57,14,5.07
αCae,α ,Caelum (ちょうこくぐ座),4,40,33.7,-,41,51,50,4.45
βCae,β ,Caelum (ちょうこくぐ座),4,42,3.5,-,37,8,40,5.05
γ1Cae,γ1,Caelum (ちょうこくぐ座),5,4,24.4,-,35,29,0,4.55
,,,,,,,,,,
θScl,θ ,Sculptor (ちょうこくしつ座),0,11,44,-,35,7,59,5.25
ιScl,ι ,Sculptor (ちょうこくしつ座),0,21,31.2,-,28,58,54,5.18
αScl,α ,Sculptor (ちょうこくしつ座),0,58,36.4,-,29,21,27,4.31
πScl,π ,Sculptor (ちょうこくしつ座),1,42,8.6,-,32,19,37,5.25
γScl,γ ,Sculptor (ちょうこくしつ座),23,18,49.4,-,32,31,55,4.41
βScl,β ,Sculptor (ちょうこくしつ座),23,32,58.3,-,37,49,6,4.37
δScl,δ ,Sculptor (ちょうこくしつ座),23,48,55.6,-,28,7,49,4.57
,,,,,,,,,,
γGru,γ ,Grus (つる座),21,53,55.7,-,37,21,54,3.01
λGru,λ ,Grus (つる座),22,6,6.9,-,39,32,36,4.46
αGru,α ,Grus (つる座),22,8,14,-,46,57,40,1.74
μ1Gru,μ 1,Grus (つる座),22,15,36.9,-,41,20,48,4.79
μ2Gru,μ 2,Grus (つる座),22,16,26.6,-,41,37,39,5.1
δ1Gru,δ1,Grus (つる座),22,29,16.2,-,43,29,44,3.97
δ2Gru,δ2,Grus (つる座),22,29,45.5,-,43,44,58,4.11
βGru,β ,Grus (つる座),22,42,40.1,-,46,53,5,2.1
εGru,ε ,Grus (つる座),22,48,33.3,-,51,19,1,3.49
ζGru,ζ ,Grus (つる座),23,0,52.8,-,52,45,15,4.12
ιGru,ι ,Grus (つる座),23,10,21.6,-,45,14,48,3.9
,,,,,,,,,,
ηMen,η ,Mensa (テーブル山座),4,55,11.2,-,74,56,13,5.47
βMen,β ,Mensa (テーブル山座),5,2,43,-,71,18,52,5.31
γMen,γ ,Mensa (テーブル山座),5,31,52.9,-,76,20,28,5.19
κMen,κ ,Mensa (テーブル山座),5,50,16.7,-,79,21,41,5.47
αMen,α ,Mensa (テーブル山座),6,10,14.4,-,74,45,11,5.09
θMen,θ ,Mensa (テーブル山座),6,56,34.4,-,79,25,13,5.45
,,,,,,,,,,
9α2Lib,9α2,Libra (てんびん座),14,50,52.7,-,16,2,30,2.75
20σLib,20σ ,Libra (てんびん座),15,4,4.2,-,25,16,55,3.29
24ι1Lib,24ι1,Libra (てんびん座),15,12,13.3,-,19,47,30,4.54
27βLib,27β ,Libra (てんびん座),15,17,0.4,-,9,22,59,2.61
38γLib,38γ ,Libra (てんびん座),15,35,31.6,-,14,47,22,3.91
44ηLib,44η ,Libra (てんびん座),15,44,4.4,-,15,40,22,5.41
46θLib,46θ ,Libra (てんびん座),15,53,49.5,-,16,43,46,4.15
,,,,,,,,,,
HIP109754Lac,HIP109754,Lacerta (とかげ座),22,13,52.7,+,39,42,54,4.49
1Lac,1,Lacerta (とかげ座),22,15,58.2,+,37,44,56,4.13
2Lac,2,Lacerta (とかげ座),22,21,1.6,+,46,32,12,4.57
3βLac,3β ,Lacerta (とかげ座),22,23,33.6,+,52,13,45,4.43
4Lac,4,Lacerta (とかげ座),22,24,31,+,49,28,35,4.57
5Lac,5,Lacerta (とかげ座),22,29,31.8,+,47,42,25,4.36
6Lac,6,Lacerta (とかげ座),22,30,29.3,+,43,7,24,4.51
7αLac,7α ,Lacerta (とかげ座),22,31,17.5,+,50,16,57,3.77
,,,,,,,,,,
ηHor,η ,Horologium (とけい座),2,37,24.4,-,52,32,35,5.31
ζHor,ζ ,Horologium (とけい座),2,40,39.6,-,54,33,0,5.21
ιHor,ι ,Horologium (とけい座),2,42,33.5,-,50,48,1,5.41
βHor,β ,Horologium (とけい座),2,58,47.8,-,64,4,17,4.99
μHor,μ ,Horologium (とけい座),3,3,36.8,-,59,44,16,5.11
αHor,α ,Horologium (とけい座),4,14,0.1,-,42,17,40,3.86
,,,,,,,,,,
γ2Vol,γ2,Volans (とびうお座),7,8,44.9,-,70,29,56,3.78
δVol,δ ,Volans (とびうお座),7,16,49.8,-,67,57,26,3.98
ζVol,ζ ,Volans (とびうお座),7,41,49.2,-,72,36,22,3.95
εVol,ε ,Volans (とびうお座),8,7,55.8,-,68,37,2,4.35
βVol,β ,Volans (とびうお座),8,25,44.2,-,66,8,13,3.77
αVol,α ,Volans (とびうお座),9,2,26.8,-,66,23,46,4
,,,,,,,,,,
νPup,ν ,Puppis (とも座),6,37,45.7,-,43,11,46,3.17
τPup,τ ,Puppis (とも座),6,49,56.2,-,50,36,53,2.93
πPup,π ,Puppis (とも座),7,17,8.6,-,37,5,51,2.7
σPup,σ ,Puppis (とも座),7,29,13.8,-,43,18,5,3.25
7ξPup,7ξ ,Puppis (とも座),7,49,17.7,-,24,51,35,3.34
ζPup,ζ ,Puppis (とも座),8,3,35.1,-,40,0,12,2.25
15ρPup,15ρ ,Puppis (とも座),8,7,32.6,-,24,18,15,2.81
,,,,,,,,,,
λMus,λ ,Musca (はえ座),11,45,36.4,-,66,43,43,3.64
εMus,ε ,Musca (はえ座),12,17,34.1,-,67,57,39,4.11
γMus,γ ,Musca (はえ座),12,32,28,-,72,7,59,3.87
αMus,α ,Musca (はえ座),12,37,11,-,69,8,8,2.69
βMus,β ,Musca (はえ座),12,46,16.9,-,68,6,29,3.05
δMus,δ ,Musca (はえ座),13,2,16.2,-,71,32,56,3.62
,,,,,,,,,,
1κCyg,1κ ,Cygnus (はくちょう座),19,17,6.2,+,53,22,7,3.77
6β1Cyg,6β1,Cygnus (はくちょう座),19,30,43.3,+,27,57,35,3.08
10ι2Cyg,10ι2,Cygnus (はくちょう座),19,29,42.3,+,51,43,47,3.79
13θCyg,13θ ,Cygnus (はくちょう座),19,36,26.5,+,50,13,16,4.48
12φCyg,12φ ,Cygnus (はくちょう座),19,39,22.6,+,30,9,12,4.69
18δCyg,18δ ,Cygnus (はくちょう座),19,44,58.5,+,45,7,51,2.87
χCyg,χ ,Cygnus (はくちょう座),19,50,33.9,+,32,54,51,4.23
21ηCyg,21η ,Cygnus (はくちょう座),19,56,18.4,+,35,5,0,3.89
37γCyg,37γ ,Cygnus (はくちょう座),20,22,13.7,+,40,15,24,2.2
50αCyg,50α ,Cygnus (はくちょう座),20,41,25.9,+,45,16,49,1.25
53εCyg,53ε ,Cygnus (はくちょう座),20,46,12.7,+,33,58,13,2.46
64ζCyg,64ζ ,Cygnus (はくちょう座),21,12,56.2,+,30,13,37,3.2
,,,,,,,,,,
δOct,δ ,Octans (はちぶんぎ座),14,26,54.9,-,83,40,4,4.32
νOct,ν ,Octans (はちぶんぎ座),21,41,28.5,-,77,23,24,3.76
βOct,β ,Octans (はちぶんぎ座),22,46,3.3,-,81,22,54,4.15
,,,,,,,,,,
εCol,ε ,Columba (はと座),5,31,12.7,-,35,28,14,3.87
αCol,α ,Columba (はと座),5,39,38.9,-,34,4,27,2.64
HIP26868Col,HIP26868,Columba (はと座),5,42,15.1,-,34,40,4,5.29
βCol,β ,Columba (はと座),5,50,57.6,-,35,46,6,3.12
γCol,γ ,Columba (はと座),5,57,32.2,-,35,17,0,4.36
ηCol,η ,Columba (はと座),5,59,8.8,-,42,48,55,3.96
κCol,κ ,Columba (はと座),6,16,33.1,-,35,8,26,4.37
δCol,δ ,Columba (はと座),6,22,6.8,-,33,26,11,3.85
,,,,,,,,,,
αAps,α ,Apus (ふうちょう座),14,47,51.6,-,79,2,41,3.83
δ1Aps,δ1,Apus (ふうちょう座),16,20,20.8,-,78,41,45,4.68
γAps,γ ,Apus (ふうちょう座),16,33,27,-,78,53,50,3.89
βAps,β ,Apus (ふうちょう座),16,43,4.6,-,77,31,3,4.24
,,,,,,,,,,
1Gem,1,Gemini (ふたご座),6,4,7.2,+,23,15,48,4.16
7ηGem,7η ,Gemini (ふたご座),6,14,52.6,+,22,30,24,3.28
13μGem,13μ ,Gemini (ふたご座),6,22,57.6,+,22,30,49,2.88
24γGem,24γ ,Gemini (ふたご座),6,37,42.7,+,16,23,57,1.93
27εGem,27ε ,Gemini (ふたご座),6,43,55.9,+,25,7,52,2.98
31ξGem,31ξ ,Gemini (ふたご座),6,45,17.4,+,12,53,44,3.36
34θGem,34θ ,Gemini (ふたご座),6,52,47.3,+,33,57,40,3.6
43ζGem,43ζ ,Gemini (ふたご座),7,4,6.5,+,20,34,13,3.79
46τGem,46τ ,Gemini (ふたご座),7,11,8.4,+,30,14,43,4.41
54λGem,54λ ,Gemini (ふたご座),7,18,5.6,+,16,32,25,3.58
55δGem,55δ ,Gemini (ふたご座),7,20,7.4,+,21,58,56,3.53
66αGem,66α ,Gemini (ふたご座),7,34,36,+,31,53,18,1.98
78βGem,78β ,Gemini (ふたご座),7,45,18.9,+,28,1,34,1.14
,,,,,,,,,,
88γPeg,88γ ,Pegasus (ペガスス座),0,13,14.2,+,15,11,1,2.83
8εPeg,8ε ,Pegasus (ペガスス座),21,44,11.2,+,9,52,30,2.39
10κPeg,10κ ,Pegasus (ペガスス座),21,44,38.7,+,25,38,42,4.13
24ιPeg,24ι ,Pegasus (ペガスス座),22,7,0.7,+,25,20,42,3.76
26θPeg,26θ ,Pegasus (ペガスス座),22,10,12,+,6,11,52,3.53
29π2Peg,29π 2,Pegasus (ペガスス座),22,9,59.2,+,33,10,42,4.29
42ζPeg,42ζ ,Pegasus (ペガスス座),22,41,27.7,+,10,49,53,3.4
44ηPeg,44η ,Pegasus (ペガスス座),22,43,0.1,+,30,13,17,2.94
46ξPeg,46ξ ,Pegasus (ペガスス座),22,46,41.6,+,12,10,22,4.19
47λPeg,47λ ,Pegasus (ペガスス座),22,46,31.9,+,23,33,56,3.95
48μPeg,48μ ,Pegasus (ペガスス座),22,50,0.2,+,24,36,6,3.48
53βPeg,53β ,Pegasus (ペガスス座),23,3,46.5,+,28,4,58,2.42
54αPeg,54α ,Pegasus (ペガスス座),23,4,45.7,+,15,12,19,2.49
,,,,,,,,,,
13δSer,13δ ,Serpens (へび座),15,34,48.1,+,10,32,21,3.8
24αSer,24α ,Serpens (へび座),15,44,16.1,+,6,25,32,2.65
28βSer,28β ,Serpens (へび座),15,46,11.3,+,15,25,19,3.67
35κSer,35κ ,Serpens (へび座),15,48,44.4,+,18,8,30,4.09
32μSer,32μ ,Serpens (へび座),15,49,37.2,-,3,25,49,3.53
34ωSer,34ω ,Serpens (へび座),15,50,17.5,+,2,11,47,5.23
37εSer,37ε ,Serpens (へび座),15,50,49,+,4,28,40,3.71
41γSer,41γ ,Serpens (へび座),15,56,27.2,+,15,39,42,3.85
,,,,,,,,,,
53νSer,53ν ,Serpens (へび座),17,20,49.7,-,12,50,49,4.33
55ξSer,55ξ ,Serpens (へび座),17,37,35.2,-,15,23,55,3.54
56οSer,56ο ,Serpens (へび座),17,41,24.9,-,12,52,31,4.26
58ηSer,58η ,Serpens (へび座),18,21,18.6,-,2,53,56,3.26
63θ1Ser,63θ1,Serpens (へび座),18,56,13.2,+,4,12,13,4.62
,,,,,,,,,,
1δOph,1δ ,Ophiuchus (へびつかい座),16,14,20.7,-,3,41,40,2.74
2εOph,2ε ,Ophiuchus (へびつかい座),16,18,19.3,-,4,41,33,3.24
8φOph,8φ ,Ophiuchus (へびつかい座),16,31,8.3,-,16,36,46,4.28
10λOph,10λ ,Ophiuchus (へびつかい座),16,30,54.8,+,1,59,2,3.82
9ωOph,9ω ,Ophiuchus (へびつかい座),16,32,8.2,-,21,27,59,4.45
13ζOph,13ζ ,Ophiuchus (へびつかい座),16,37,9.5,-,10,34,2,2.56
27κOph,27κ ,Ophiuchus (へびつかい座),16,57,40.1,+,9,22,30,3.2
35ηOph,35η ,Ophiuchus (へびつかい座),17,10,22.7,-,15,43,29,2.43
42θOph,42θ ,Ophiuchus (へびつかい座),17,22,0.6,-,24,59,58,3.27
55αOph,55α ,Ophiuchus (へびつかい座),17,34,56.1,+,12,33,36,2.08
57μOph,57μ ,Ophiuchus (へびつかい座),17,37,50.7,-,8,7,8,4.62
60βOph,60β ,Ophiuchus (へびつかい座),17,43,28.4,+,4,34,2,2.77
62γOph,62γ ,Ophiuchus (へびつかい座),17,47,53.6,+,2,42,26,3.75
64νOph,64ν ,Ophiuchus (へびつかい座),17,59,1.6,-,9,46,25,3.34
,,,,,,,,,,
7κHer,7κ ,Hercules (ヘルクレス座),16,8,4.5,+,17,2,49,5
11φHer,11φ ,Hercules (ヘルクレス座),16,8,46.2,+,44,56,6,4.26
22τHer,22τ ,Hercules (ヘルクレス座),16,19,44.4,+,46,18,48,3.89
20γHer,20γ ,Hercules (ヘルクレス座),16,21,55.2,+,19,9,11,3.75
24ωHer,24ω ,Hercules (ヘルクレス座),16,25,25,+,14,2,0,4.57
27βHer,27β ,Hercules (ヘルクレス座),16,30,13.2,+,21,29,23,2.77
35σHer,35σ ,Hercules (ヘルクレス座),16,34,6.2,+,42,26,13,4.2
40ζHer,40ζ ,Hercules (ヘルクレス座),16,41,17.2,+,31,36,11,2.81
44ηHer,44η ,Hercules (ヘルクレス座),16,42,53.8,+,38,55,20,3.53
58εHer,58ε ,Hercules (ヘルクレス座),17,0,17.4,+,30,55,35,3.92
64α1Her,64α1,Hercules (ヘルクレス座),17,14,38.9,+,14,23,25,3.48
65δHer,65δ ,Hercules (ヘルクレス座),17,15,1.9,+,24,50,21,3.14
67πHer,67π ,Hercules (ヘルクレス座),17,15,2.8,+,36,48,33,3.16
75ρHer,75ρ ,Hercules (ヘルクレス座),17,23,41,+,37,8,45,4.52
76λHer,76λ ,Hercules (ヘルクレス座),17,30,44.3,+,26,6,38,4.41
85ιHer,85ι ,Hercules (ヘルクレス座),17,39,27.9,+,46,0,23,3.8
86μHer,86μ ,Hercules (ヘルクレス座),17,46,27.5,+,27,43,14,3.42
91θHer,91θ ,Hercules (ヘルクレス座),17,56,15.2,+,37,15,2,3.86
92ξHer,92ξ ,Hercules (ヘルクレス座),17,57,45.9,+,29,14,52,3.7
94νHer,94ν ,Hercules (ヘルクレス座),17,58,30.2,+,30,11,22,4.41
103οHer,103ο ,Hercules (ヘルクレス座),18,7,32.6,+,28,45,45,3.83
102Her,102,Hercules (ヘルクレス座),18,8,45.5,+,20,48,52,4.36
,,,,,,,,,,
φPer,φ ,Perseus (ペルセウス座),1,43,39.6,+,50,41,19,4.07
13θPer,13θ ,Perseus (ペルセウス座),2,44,12,+,49,13,42,4.12
15ηPer,15η ,Perseus (ペルセウス座),2,50,41.8,+,55,53,44,3.76
16Per,16,Perseus (ペルセウス座),2,50,35.1,+,38,19,7,4.23
18τPer,18τ ,Perseus (ペルセウス座),2,54,15.5,+,52,45,45,3.95
23γPer,23γ ,Perseus (ペルセウス座),3,4,47.8,+,53,30,23,2.93
25ρPer,25ρ ,Perseus (ペルセウス座),3,5,10.6,+,38,50,25,3.39
26βPer,26β ,Perseus (ペルセウス座),3,8,10.1,+,40,57,20,2.12
27κPer,27κ ,Perseus (ペルセウス座),3,9,29.8,+,44,51,26,3.8
32Per,32,Perseus (ペルセウス座),3,21,26.5,+,43,19,46,4.95
33αPer,33α ,Perseus (ペルセウス座),3,24,19.4,+,49,51,40,1.79
37ψPer,37ψ ,Perseus (ペルセウス座),3,36,29.4,+,48,11,34,4.23
39δPer,39δ ,Perseus (ペルセウス座),3,42,55.5,+,47,47,15,3.01
38οPer,38ο ,Perseus (ペルセウス座),3,44,19.1,+,32,17,18,3.83
41νPer,41ν ,Perseus (ペルセウス座),3,45,11.6,+,42,34,43,3.77
44ζPer,44ζ ,Perseus (ペルセウス座),3,54,7.9,+,31,53,1,2.85
45εPer,45ε ,Perseus (ペルセウス座),3,57,51.2,+,40,0,37,2.89
46ξPer,46ξ ,Perseus (ペルセウス座),3,58,57.9,+,35,47,28,4.04
47λPer,47λ ,Perseus (ペルセウス座),4,6,35,+,50,21,5,4.29
48Per,48,Perseus (ペルセウス座),4,8,39.7,+,47,42,45,4.04
51μPer,51μ ,Perseus (ペルセウス座),4,14,53.9,+,48,24,34,4.14
,,,,,,,,,,
γ2Vel,γ2,Vela (ほ座),8,9,32,-,47,20,12,1.78
δVel,δ ,Vela (ほ座),8,44,42.2,-,54,42,30,1.96
λVel,λ ,Vela (ほ座),9,7,59.8,-,43,25,57,2.21
κVel,κ ,Vela (ほ座),9,22,6.8,-,55,0,39,2.5
ψVel,ψ ,Vela (ほ座),9,30,42,-,40,28,0,3.6
φVel,φ ,Vela (ほ座),9,56,51.8,-,54,34,4,3.54
HIP50191Vel,HIP50191,Vela (ほ座),10,14,44.2,-,42,7,19,3.85
HIP51635Vel,HIP51635,Vela (ほ座),10,32,56.9,-,47,0,12,5.02
HIP51986Vel,HIP51986,Vela (ほ座),10,37,18.1,-,48,13,33,3.84
μVel,μ ,Vela (ほ座),10,46,46.2,-,49,25,12,2.69
,,,,,,,,,,
εPhe,ε ,Phoenix (ほうおう座),0,9,24.7,-,45,44,51,3.88
αPhe,α ,Phoenix (ほうおう座),0,26,17,-,42,18,22,2.39
βPhe,β ,Phoenix (ほうおう座),1,6,5,-,46,43,7,3.31
ζPhe,ζ ,Phoenix (ほうおう座),1,8,23.1,-,55,14,45,3.92
γPhe,γ ,Phoenix (ほうおう座),1,28,21.9,-,43,19,6,3.41
δPhe,δ ,Phoenix (ほうおう座),1,31,15.1,-,49,4,22,3.95
ψPhe,ψ ,Phoenix (ほうおう座),1,53,38.8,-,46,18,9,4.41
,,,,,,,,,,
εTel,ε ,Telescopium (ぼうえんきょう座),18,11,13.8,-,45,57,16,4.53
αTel,α ,Telescopium (ぼうえんきょう座),18,26,58.4,-,45,58,6,3.51
ζTel,ζ ,Telescopium (ぼうえんきょう座),18,28,49.9,-,49,4,15,4.13
κTel,κ,Telescopium (ぼうえんきょう座),18,52,39.6,-,52,6,27,5.17
ηTel,η ,Telescopium (ぼうえんきょう座),19,22,51.1,-,54,25,25,5.05
ξTel,ξ ,Telescopium (ぼうえんきょう座),20,7,23.2,-,52,52,51,4.94
,,,,,,,,,,
εAnt,ε ,Antlia (ポンプ座),9,29,14.7,-,35,57,5,4.51
ηAnt,η ,Antlia (ポンプ座),9,58,52.3,-,35,53,28,5.23
αAnt,α ,Antlia (ポンプ座),10,27,9.1,-,31,4,4,4.25
ιAnt,ι ,Antlia (ポンプ座),10,56,43.1,-,37,8,16,4.6
,,,,,,,,,,
2εAqr,2ε ,Aquarius (みずがめ座),20,47,40.6,-,9,29,45,3.77
22βAqr,22β ,Aquarius (みずがめ座),21,31,33.5,-,5,34,16,2.91
34αAqr,34α ,Aquarius (みずがめ座),22,5,47,-,0,19,11,2.96
33ιAqr,33ι ,Aquarius (みずがめ座),22,6,26.2,-,13,52,11,4.27
43θAqr,43θ ,Aquarius (みずがめ座),22,16,50,-,7,47,0,4.16
48γAqr,48γ ,Aquarius (みずがめ座),22,21,39.4,-,1,23,14,3.84
52πAqr,52π ,Aquarius (みずがめ座),22,25,16.6,+,1,22,39,4.66
55ζ2Aqr,55ζ2,Aquarius (みずがめ座),22,28,50.1,-,0,1,12,4.42
62ηAqr,62η ,Aquarius (みずがめ座),22,35,21.4,-,0,7,3,4.02
73λAqr,73λ ,Aquarius (みずがめ座),22,52,36.9,-,7,34,47,3.74
76δAqr,76δ ,Aquarius (みずがめ座),22,54,39,-,15,49,15,3.27
86Aqr,86,Aquarius (みずがめ座),23,6,40.9,-,23,44,35,4.47
88Aqr,88,Aquarius (みずがめ座),23,9,26.8,-,21,10,21,3.66
90φAqr,90φ ,Aquarius (みずがめ座),23,14,19.4,-,6,2,56,4.22
99Aqr,99,Aquarius (みずがめ座),23,26,2.8,-,20,38,31,4.39
105ω2Aqr,105ω2,Aquarius (みずがめ座),23,42,43.3,-,14,32,42,4.49
,,,,,,,,,,
βHyi,β ,Hydrus (みずへび座),0,25,45.1,-,77,15,15,2.8
αHyi,α ,Hydrus (みずへび座),1,58,46.2,-,61,34,11,2.86
εHyi,ε ,Hydrus (みずへび座),2,39,35.4,-,68,16,1,4.11
γHyi,γ ,Hydrus (みずへび座),3,47,14.3,-,74,14,20,3.24
,,,,,,,,,,
δCru,δ ,Crux (みなみじゅうじ座),12,15,8.7,-,58,44,56,2.8
α1Cru,α1,Crux (みなみじゅうじ座),12,26,35.9,-,63,5,57,1.33
γCru,γ ,Crux (みなみじゅうじ座),12,31,9.9,-,57,6,48,1.63
βCru,β ,Crux (みなみじゅうじ座),12,47,43.2,-,59,41,19,1.25
,,,,,,,,,,
9ιPsA,9ι ,Piscis Austrinus (みなみのうお座),21,44,56.8,-,33,1,33,4.34
14μPsA,14μ ,Piscis Austrinus (みなみのうお座),22,8,23,-,32,59,19,4.5
16λPsA,16λ ,Piscis Austrinus (みなみのうお座),22,14,18.8,-,27,46,1,5.43
17βPsA,17β ,Piscis Austrinus (みなみのうお座),22,31,30.3,-,32,20,46,4.29
18εPsA,18ε ,Piscis Austrinus (みなみのうお座),22,40,39.4,-,27,2,37,4.17
23δPsA,23δ ,Piscis Austrinus (みなみのうお座),22,55,56.9,-,32,32,23,4.21
24αPsA,24α ,Piscis Austrinus (みなみのうお座),22,57,39.1,-,29,37,20,1.16
,,,,,,,,,,
λCrA,λ ,Corona Australis (みなみのかんむり座),18,43,46.9,-,38,19,25,5.13
εCrA,ε ,Corona Australis (みなみのかんむり座),18,58,43.4,-,37,6,27,4.87
ζCrA,ζ ,Corona Australis (みなみのかんむり座),19,3,6.9,-,42,5,43,4.75
γCrA,γ ,Corona Australis (みなみのかんむり座),19,6,25.1,-,37,3,48,4.93
δCrA,δ ,Corona Australis (みなみのかんむり座),19,8,20.9,-,40,29,48,4.59
αCrA,α ,Corona Australis (みなみのかんむり座),19,9,28.3,-,37,54,16,4.11
βCrA,β ,Corona Australis (みなみのかんむり座),19,10,1.7,-,39,20,27,4.11
,,,,,,,,,,
γTrA,γ ,Triangulum Australe (みなみのさんかく座),15,18,54.6,-,68,40,46,2.89
βTrA,β ,Triangulum Australe (みなみのさんかく座),15,55,8.5,-,63,25,50,2.85
αTrA,α ,Triangulum Australe (みなみのさんかく座),16,48,39.9,-,69,1,40,1.92
,,,,,,,,,,
5αSge,5α ,Sagitta (や座),19,40,5.8,+,18,0,50,4.37
6βSge,6β ,Sagitta (や座),19,41,2.9,+,17,28,34,4.37
7δSge,7δ ,Sagitta (や座),19,47,23.3,+,18,32,3,3.82
12γSge,12γ ,Sagitta (や座),19,58,45.4,+,19,29,32,3.47
,,,,,,,,,,
6α2Cap,6α2,Capricornus (やぎ座),20,18,3.3,-,12,32,41,3.57
9βCap,9β ,Capricornus (やぎ座),20,21,0.7,-,14,46,53,3.08
10πCap,10π ,Capricornus (やぎ座),20,27,19.2,-,18,12,42,5.25
16ψCap,16ψ ,Capricornus (やぎ座),20,46,5.7,-,25,16,15,4.14
18ωCap,18ω ,Capricornus (やぎ座),20,51,49.3,-,26,55,9,4.11
23θCap,23θ ,Capricornus (やぎ座),21,5,56.8,-,17,13,58,4.07
24Cap,24,Capricornus (やぎ座),21,7,7.7,-,25,0,21,4.5
32ιCap,32ι ,Capricornus (やぎ座),21,22,14.8,-,16,50,4,4.28
34ζCap,34ζ ,Capricornus (やぎ座),21,26,40,-,22,24,41,3.74
36Cap,36,Capricornus (やぎ座),21,28,43.4,-,21,48,26,4.51
39εCap,39ε ,Capricornus (やぎ座),21,37,4.8,-,19,27,58,4.68
40γCap,40γ ,Capricornus (やぎ座),21,40,5.5,-,16,39,44,3.68
49δCap,49δ ,Capricornus (やぎ座),21,47,2.4,-,16,7,38,2.87
,,,,,,,,,,
2Lyn,2,Lynx (やまねこ座),6,19,37.4,+,59,0,39,4.48
21Lyn,21,Lynx (やまねこ座),7,26,42.8,+,49,12,41,4.64
31Lyn,31,Lynx (やまねこ座),8,22,50.1,+,43,11,17,4.25
HIP44248Lyn,HIP44248,Lynx (やまねこ座),9,0,38.4,+,41,46,58,3.97
HIP44700Lyn,HIP44700,Lynx (やまねこ座),9,6,31.8,+,38,27,8,4.56
38Lyn,38,Lynx (やまねこ座),9,18,50.7,+,36,48,9,3.82
40αLyn,40α ,Lynx (やまねこ座),9,21,3.3,+,34,23,33,3.13
,,,,,,,,,,
βPyx,β ,Pyxis (らしんばん座),8,40,6.2,-,35,18,30,3.97
αPyx,α ,Pyxis (らしんばん座),8,43,35.5,-,33,11,11,3.68
γPyx,γ ,Pyxis (らしんばん座),8,50,31.9,-,27,42,36,4.01
,,,,,,,,,,
1λDra,1λ ,Draco (りゅう座),11,31,24.2,+,69,19,52,3.84
5κDra,5κ ,Draco (りゅう座),12,33,29,+,69,47,18,3.87
11αDra,11α ,Draco (りゅう座),14,4,23.3,+,64,22,33,3.65
12ιDra,12ι ,Draco (りゅう座),15,24,55.8,+,58,57,58,3.29
13θDra,13θ ,Draco (りゅう座),16,1,53.3,+,58,33,55,4.01
14ηDra,14η ,Draco (りゅう座),16,23,59.5,+,61,30,51,2.74
22ζDra,22ζ ,Draco (りゅう座),17,8,47.2,+,65,42,53,3.17
23βDra,23β ,Draco (りゅう座),17,30,26,+,52,18,5,2.79
24ν1Dra,24ν 1,Draco (りゅう座),17,32,10.6,+,55,11,3,4.88
28ωDra,28ω ,Draco (りゅう座),17,36,57.1,+,68,45,29,4.8
32ξDra,32ξ ,Draco (りゅう座),17,53,31.7,+,56,52,22,3.75
33γDra,33γ ,Draco (りゅう座),17,56,36.4,+,51,29,20,2.23
43φDra,43φ ,Draco (りゅう座),18,20,45.5,+,71,20,16,4.22
57δDra,57δ ,Draco (りゅう座),19,12,33.3,+,67,39,42,3.07
60τDra,60τ ,Draco (りゅう座),19,15,33,+,73,21,20,4.45
63εDra,63ε ,Draco (りゅう座),19,48,10.4,+,70,16,4,3.83
,,,,,,,,,,
αCar,α ,Carina (りゅうこつ座),6,23,57.1,-,52,41,45,-0.72
χCar,χ ,Carina (りゅうこつ座),7,56,46.7,-,52,58,56,3.47
εCar,ε ,Carina (りゅうこつ座),8,22,30.8,-,59,30,35,1.86
βCar,β ,Carina (りゅうこつ座),9,13,12,-,69,43,2,1.68
ιCar,ι ,Carina (りゅうこつ座),9,17,5.4,-,59,16,31,2.25
υCar,υ ,Carina (りゅうこつ座),9,47,6.1,-,65,4,19,3.01
ωCar,ω ,Carina (りゅうこつ座),10,13,44.2,-,70,2,17,3.32
HIP50371Car,HIP50371,Carina (りゅうこつ座),10,17,5,-,61,19,56,3.4
HIP51576Car,HIP51576,Carina (りゅうこつ座),10,32,1.4,-,61,41,7,3.32
θCar,θ ,Carina (りゅうこつ座),10,42,57.4,-,64,23,40,2.76
,,,,,,,,,,
8βCVn,8β ,Canes Venatici (猟犬座),12,33,44.5,+,41,21,27,4.26
12α2CVn,12α2,Canes Venatici (猟犬座),12,56,1.7,+,38,19,6,2.9
,,,,,,,,,,
βRet,β ,Reticulum (レチクル座),3,44,12,-,64,48,25,3.85
δRet,δ ,Reticulum (レチクル座),3,58,44.7,-,61,24,1,4.56
γRet,γ ,Reticulum (レチクル座),4,0,53.8,-,62,9,34,4.51
αRet,α ,Reticulum (レチクル座),4,14,25.5,-,62,28,26,3.35
εRet,ε ,Reticulum (レチクル座),4,16,28.9,-,59,18,7,4.44
,,,,,,,,,,
μFor,μ ,Fornax (ろ座),2,12,54.5,-,30,43,26,5.28
βFor,β ,Fornax (ろ座),2,49,5.4,-,32,24,21,4.46
αFor,α ,Fornax (ろ座),3,12,4.3,-,28,59,13,3.87
δFor,δ ,Fornax (ろ座),3,42,14.9,-,31,56,18,5
,,,,,,,,,,
8γSex,8γ ,Sextans (ろくぶんぎ座),9,52,30.4,-,8,6,18,5.05
15αSex,15α ,Sextans (ろくぶんぎ座),10,7,56.3,-,0,22,18,4.49
30βSex,30β ,Sextans (ろくぶんぎ座),10,30,17.5,-,0,38,13,5.09
,,,,,,,,,,
13εAql,13ε ,Aquila (わし座),18,59,37.4,+,15,4,6,4.02
17ζAql,17ζ ,Aquila (わし座),19,5,24.6,+,13,51,48,2.99
16λAql,16λ ,Aquila (わし座),19,6,14.9,-,4,52,57,3.44
30δAql,30δ ,Aquila (わし座),19,25,29.9,+,3,6,53,3.36
38μAql,38μ ,Aquila (わし座),19,34,5.4,+,7,22,44,4.45
50γAql,50γ ,Aquila (わし座),19,46,15.6,+,10,36,48,2.72
53αAql,53α ,Aquila (わし座),19,50,47,+,8,52,6,0.77
60βAql,60β ,Aquila (わし座),19,55,18.8,+,6,24,24,3.71
61φAql,61φ ,Aquila (わし座),19,56,14.3,+,11,25,26,5.28
65θAql,65θ ,Aquila (わし座),20,11,18.3,-,0,49,17,3.23
67ρAql,67ρ ,Aquila (わし座),20,14,16.6,+,15,11,51,4.95
